id,name,lanes,road_capacity_from_conversion,highway,oneway,distance,road_capacity,starting point lat,starting point lon,ending point lat,ending point lon
8614912,Arnold Circle,1,1,residential,,0.0493727011164,0.0987454022327,42.3682009,-71.1083835,42.368556,-71.108023
8615426,Harold Place,1,1,residential,,0.0493799407016,0.0987598814032,42.363608,-71.098079,42.3635742,-71.0974813
8614916,Rumeal Robinson Way,1,1,residential,,0.0203327066153,0.0406654132306,42.366314,-71.100812,42.366231,-71.100592
8614918,Cardinal Medeiros Avenue,3,3,secondary,,0.0501544621256,0.300926772754,42.3662868,-71.0917717,42.3667036,-71.0915377
8615341,Brookline Street,1,3,secondary,yes,1.22749641963,3.68248925889,42.3551346,-71.1102636,42.364001,-71.101387
8615440,Lopez Avenue,2,1,residential,,0.153028287789,0.306056575577,42.3675175,-71.0800098,42.3688772,-71.0797119
8615443,Scouting Way,1,1,residential,,0.126077282048,0.252154564097,42.368115,-71.101223,42.36913,-71.100538
8615457,Plymouth Street,2,1,residential,yes,0.369516994467,0.369516994467,42.3683758,-71.0905783,42.368766,-71.094785
8615458,Hancock Street,2,1,residential,yes,0.21984996857,0.21984996857,42.36838,-71.108778,42.366816,-71.110411
8615430,Chestnut Street,1,1,residential,,0.63374653771,1.26749307542,42.3594165,-71.1135681,42.3558964,-71.1075154
8615466,Hayward Street,2,1,residential,,0.174153141955,0.348306283911,42.3607667,-71.085387,42.362326,-71.085167
8615472,Harvard Street,2,2,tertiary,,0.224526778175,0.898107112699,42.369164,-71.104199,42.3682951,-71.1017379
8614961,Pearl Street,1,2,tertiary,yes,1.24266089407,2.48532178814,42.364713,-71.102574,42.3559879,-71.1120124
8615474,Soden Place,1,1,residential,,0.0288261142506,0.0576522285012,42.365732,-71.108581,42.365751,-71.108232
8615475,Chestnut Street,1,1,residential,yes,0.123952835404,0.123952835404,42.3558964,-71.1075154,42.3552168,-71.1063221
8614965,Pacific Street,2,1,residential,,0.156234112643,0.312468225286,42.361219,-71.103969,42.36035,-71.102478
8615483,Bell Court,2,1,service,,0.0243823568748,0.0487647137496,42.357005,-71.105312,42.3571778,-71.1051295
8615488,Saint Paul Street,,1,residential,,0.0166618313682,0.0333236627364,42.3676607,-71.1035668,42.367792,-71.103469
8614980,,2,1,service,,0.121569524711,0.243139049422,42.358868,-71.104276,42.3581904,-71.1031172
8615495,Galileo Galilei Way,2,3,secondary,yes,0.00842582659183,0.0252774797755,42.3626846,-71.0898819,42.3627596,-71.0898666
8614985,Kinnaird Street,1,1,residential,yes,0.358184627232,0.358184627232,42.364907,-71.1090072,42.3672332,-71.11141
8614986,Dickinson Street,1,1,residential,,0.16784482716,0.33568965432,42.3660033,-71.0937666,42.3668839,-71.0948683
8614989,Perry Street,1,1,residential,yes,0.149515440573,0.149515440573,42.362441,-71.107398,42.361599,-71.105982
8615506,Jay Street,2,1,residential,yes,0.141859635709,0.141859635709,42.363562,-71.109704,42.3648314,-71.1098927
8614998,Hurley Street,2,1,residential,,0.65702254816,1.31404509632,42.3679188,-71.0775599,42.368923,-71.08542
8614999,Hampshire Street,2,3,secondary,,1.20460463714,7.22762782283,42.3654261,-71.0911484,42.3735244,-71.1005856
8615512,,1,1,service,yes,0.150698437304,0.150698437304,42.3615522,-71.1002356,42.3604856,-71.1013657
8615004,Auburn Street,1,1,residential,yes,0.395344508944,0.395344508944,42.362326,-71.10294,42.364557,-71.106679
8615525,Pacific Street,2,2,tertiary,no,0.246949300571,0.987797202285,42.36035,-71.102478,42.3589554,-71.1001448
8615015,Bent Street,2,1,residential,yes,0.342892194333,0.342892194333,42.3670307,-71.0816315,42.367583,-71.085727
8615530,Kinnaird Street,,1,residential,,0.0285116279789,0.0570232559578,42.3636406,-71.1086485,42.363846,-71.108841
8615547,,,1,service,,0.0159760608186,0.0319521216371,42.354851,-71.109469,42.3549881,-71.1094104
8615550,Amherst Street,,1,residential,,0.308638968014,0.617277936029,42.3548324,-71.1025728,42.3559603,-71.0991557
8615556,,,1,residential,,0.0745470338652,0.14909406773,42.355349,-71.0987823,42.3559603,-71.0991557
8615561,,,1,service,,0.0718997719462,0.143799543892,42.3542045,-71.1086323,42.354816,-71.1083571
8615568,Washington Court,1,1,residential,,0.0545463649824,0.109092729965,42.3652882,-71.0982857,42.365758,-71.098093
8615057,Allston Court,1,1,residential,,0.0326326159964,0.0652652319928,42.3592593,-71.1099468,42.3594913,-71.1097038
8615571,Amherst Street,,1,residential,,0.143643459752,0.287286919504,42.3548324,-71.1025728,42.3559928,-71.1033176
8615075,Wadsworth Street,2,1,residential,no,0.0863560514824,0.172712102965,42.3603265,-71.0838908,42.3610352,-71.0843217
8615080,Fulkerson Street,2,2,tertiary,,0.216040397157,0.864161588629,42.3665976,-71.0882196,42.368497,-71.087711
8615367,Rollins Court,1,1,residential,,0.0461826125356,0.0923652250712,42.361567,-71.104346,42.361897,-71.104005
8614574,Osborn Street,2,1,residential,,0.230012556014,0.460025112028,42.3610368,-71.095537,42.363098,-71.0952709
8615599,Moore Street,2,1,residential,,0.108143412591,0.216286825182,42.365511,-71.094128,42.36638,-71.0935553
8615600,Emmett Place,1,1,residential,,0.0600631765855,0.120126353171,42.367946,-71.085659,42.367856,-71.08494
8615090,Marvin Place,1,1,residential,,0.0413065658443,0.0826131316887,42.3660571,-71.0983957,42.365912,-71.097934
8615091,Columbia Terrace,2,1,residential,,0.0744180740685,0.148836148137,42.365122,-71.099914,42.3648423,-71.0990931
8614583,Land Boulevard,2,4,trunk,yes,0.0420584038741,0.168233615497,42.3626289,-71.078329,42.3630053,-71.0783341
8615096,Danforth Street,2,1,residential,,0.0626618568568,0.125323713714,42.3566977,-71.0947622,42.3572124,-71.0950735
8614585,Columbia Street,2,3,secondary,,1.14219377228,6.8531626337,42.363437,-71.09986,42.372913,-71.094488
8614587,McTernan Street,1,1,residential,yes,0.149329577207,0.149329577207,42.361427,-71.108522,42.360584,-71.10711
8615109,,1,4,trunk_link,yes,0.182701025637,0.730804102546,42.3535105,-71.1084455,42.3542656,-71.1103646
8615111,Lee Street,2,1,residential,yes,0.408699264424,0.408699264424,42.367853,-71.107714,42.370817,-71.104793
8615112,Tudor Street,2,1,residential,,0.152064641515,0.304129283031,42.360715,-71.104495,42.359866,-71.103047
8615119,Massachusetts Avenue,3,3,primary,,0.571201066151,3.42720639691,42.369837,-71.112607,42.367211,-71.106682
8615123,Speridakis Terrace,2,1,residential,,0.11719560314,0.234391206279,42.360479,-71.107211,42.35983,-71.1060894
8614612,Green Street,2,1,residential,yes,1.33919972336,1.33919972336,42.362389,-71.1001993,42.369285,-71.113448
8614614,Market Street,2,1,residential,,0.471197631749,0.942395263498,42.369327,-71.097547,42.36638,-71.0935553
8614618,Lawrence Street,1,1,residential,yes,0.14908820645,0.14908820645,42.361092,-71.106556,42.3619413,-71.1079573
8615138,Davis Street,2,1,residential,,0.108757401035,0.217514802069,42.365164,-71.093324,42.366022,-71.092688
8615140,Harvard Street,2,2,tertiary,yes,0.845771252015,1.69154250403,42.3682951,-71.1017379,42.3648441,-71.0926032
8615144,Portsmouth Street,2,1,residential,yes,0.118492511546,0.118492511546,42.368686,-71.092988,42.3684386,-71.0943873
8615161,Potter Street,2,1,residential,,0.122743433663,0.245486867326,42.3643983,-71.0847663,42.363851,-71.083472
8615168,Prince Street,1,1,residential,yes,0.175680616818,0.175680616818,42.360268,-71.109806,42.3612644,-71.1114621
8615171,Lopez Street,2,1,residential,yes,0.156928382914,0.156928382914,42.362,-71.105553,42.361097,-71.104088
8615173,Percy Place,1,1,residential,,0.0479016429775,0.095803285955,42.366982,-71.101489,42.366795,-71.100965
8615190,Hamilton Street,2,1,residential,no,0.448491600526,0.896983201052,42.35787,-71.105419,42.360407,-71.109654
8615192,Sellers Street,2,1,residential,yes,0.0817326714654,0.0817326714654,42.366645,-71.107316,42.367211,-71.106682
8615300,Sixth Street,2,2,tertiary,,0.230067703602,0.92027081441,42.3662063,-71.0860501,42.3682483,-71.0855851
8615197,Reardon Street,2,1,residential,,0.0624089453488,0.124817890698,42.3570051,-71.1043759,42.356663,-71.103789
8615200,Bigelow Street,2,1,residential,yes,0.299660029191,0.299660029191,42.366988,-71.106348,42.369164,-71.104199
8614708,Fifth Street,2,1,residential,,0.385315127676,0.770630255351,42.371438,-71.083127,42.368022,-71.083939
8614710,Sidney Street,2,3,secondary,yes,0.0951364392572,0.285409317772,42.3558964,-71.1075154,42.355219,-71.108222
8615259,Bishop Allen Drive,2,2,tertiary,,0.523041331329,2.09216532532,42.366344,-71.103146,42.3633322,-71.0983608
8615267,Endicott Street,2,1,residential,,0.0645544194075,0.129108838815,42.3561028,-71.0965425,42.35663,-71.0968722
8615270,Cottage Court,1,1,residential,,0.0,0.0,42.362854,-71.105719,42.362854,-71.105719
8615274,Fairmont Street,1,1,residential,yes,0.331329501098,0.331329501098,42.360755,-71.109259,42.362677,-71.112329
8615276,,2,1,service,,0.0751538085832,0.150307617166,42.3576677,-71.1036964,42.3581904,-71.1031172
8614767,,,1,service,no,0.183710587963,0.367421175925,42.3670003,-71.0816488,42.3667681,-71.0795412
8615280,Windsor Street,2,1,residential,,0.203360501694,0.406721003387,42.3613793,-71.0969446,42.3632016,-71.0967089
8615283,Second Street,2,1,residential,,0.76356926589,1.52713853178,42.364081,-71.080164,42.3708552,-71.0785958
8615284,Richardson Street,1,1,residential,,0.081536636815,0.16307327363,42.367847,-71.099484,42.3675782,-71.0985629
8615286,Vandine Street,2,1,residential,,0.106461697181,0.212923394363,42.3691635,-71.0915338,42.368798,-71.090339
8615287,Austin Park,2,1,residential,,0.0701996931796,0.140399386359,42.367045,-71.1043203,42.3675347,-71.1037816
8615295,Third Street,2,3,secondary,,0.719185740424,4.31511444255,42.3663837,-71.0819996,42.3724522,-71.0793707
8614788,Cherry Street,2,1,residential,yes,0.372725210093,0.372725210093,42.3632629,-71.0975111,42.366529,-71.096548
8615302,Fiske Place,2,1,residential,,0.0499556865881,0.0999113731763,42.365289,-71.099984,42.3656806,-71.0996858
8614796,Charles Street,2,2,tertiary,,0.834890875138,3.33956350055,42.368497,-71.087711,42.3672248,-71.0777224
8614804,Bent Street,2,1,residential,,0.176715060627,0.353430121254,42.367583,-71.085727,42.367826,-71.087847
8614805,,2,4,trunk_link,yes,0.0447859026464,0.179143610586,42.363233,-71.078653,42.3630053,-71.0783341
8614808,Amesbury Street,2,1,residential,,0.173499204501,0.346998409002,42.3535672,-71.1046257,42.355025,-71.1052874
8614810,Ashburton Place,1,1,residential,,0.0494470377654,0.0988940755308,42.366403,-71.101898,42.366194,-71.101368
8614814,Talbot Street,2,1,residential,,0.062669195723,0.125338391446,42.3565441,-71.1048669,42.356213,-71.104251
8614821,Cambridgeside Place,,2,tertiary,,0.197882183025,0.7915287321,42.3672248,-71.0777224,42.3669388,-71.0753513
8615335,Berkshire Place,1,1,residential,,0.0764775377497,0.152955075499,42.368116,-71.092134,42.36875,-71.091772
8614825,Pine Street,2,1,residential,yes,0.328076796582,0.328076796582,42.3668222,-71.0972971,42.3639782,-71.0983715
8614829,,1,4,trunk_link,yes,0.194388757922,0.777555031687,42.3538569,-71.1107353,42.3535105,-71.1084455
8615343,Peters Street,2,1,residential,,0.102462836495,0.204925672989,42.3570112,-71.1073792,42.3577334,-71.1066058
8615344,Berkshire Place,1,1,residential,,0.10756467533,0.215129350659,42.368457,-71.091939,42.3680388,-71.0907622
8614841,Munroe Street,2,1,residential,yes,0.150811286862,0.150811286862,42.3653212,-71.0845714,42.3650925,-71.0827668
8614844,Pleasant Place,2,1,residential,,0.107788518583,0.215577037167,42.3636406,-71.1086485,42.363017,-71.107646
8614848,Broadway,2,3,secondary,yes,0.901347496794,2.70404249038,42.3649006,-71.0896646,42.3619114,-71.0797823
8614849,Land Boulevard,2,4,trunk,yes,0.0244577899704,0.0978311598815,42.3623251,-71.0788743,42.3621054,-71.0788901
8614850,Inman Street,2,1,unclassified,yes,0.315617951419,0.315617951419,42.368984,-71.103685,42.36659,-71.105699
8615363,Pleasant Street,1,1,residential,yes,0.568566572732,0.568566572732,42.3601424,-71.1127706,42.3640258,-71.1082947
8614855,Temple Street,2,1,residential,yes,0.111067867523,0.111067867523,42.3659762,-71.1046832,42.3667528,-71.1038339
8614857,Bishop Allen Drive,2,2,tertiary,yes,0.177379546572,0.354759093144,42.366344,-71.103146,42.3673442,-71.1048246
8614859,Purrington Street,2,1,service,no,0.272982536742,0.545965073484,42.3594843,-71.1009714,42.3607628,-71.0981415
8615377,Suffolk Street,2,1,residential,yes,0.170863968061,0.170863968061,42.366499,-71.100395,42.3659006,-71.0984842
8614866,Laurel Street,2,1,residential,,0.106776933923,0.213553867846,42.3624299,-71.1100895,42.363125,-71.110984
8614867,Kinnaird Street,2,1,residential,,0.118648812217,0.237297624434,42.363846,-71.108841,42.364907,-71.1090072
8615381,Amherst Street,2,1,residential,no,0.266310070364,0.532620140728,42.3599802,-71.0876282,42.3609866,-71.0846948
8614871,School Street,2,1,residential,yes,0.209823630346,0.209823630346,42.3639366,-71.0990984,42.3638654,-71.0965927
8614874,Jay Street,2,1,residential,,0.205185000684,0.410370001368,42.3648314,-71.1098927,42.366669,-71.110146
8614875,Salem Street,2,1,residential,yes,0.0912820749564,0.0912820749564,42.362285,-71.104652,42.362928,-71.103962
8614883,Cambridge Parkway,2,1,residential,yes,0.687070319678,0.687070319678,42.3628568,-71.0783137,42.3678451,-71.0744722
8615404,Union Street,2,1,residential,yes,0.337596549135,0.337596549135,42.3711329,-71.0945054,42.368327,-71.096077
8614893,Portland Street,2,3,secondary,,0.550317680138,3.30190608083,42.36169,-71.094106,42.3662868,-71.0917717
8615406,Lilac Court,1,1,residential,,0.115530110101,0.231060220202,42.3673201,-71.0925471,42.3672459,-71.0912184
8614896,Fifth Street,2,1,residential,,0.228447028879,0.456894057759,42.3659976,-71.0844274,42.368022,-71.083939
8615409,Third Street,2,3,secondary,,0.460488294444,2.76292976666,42.3626283,-71.0843498,42.3663837,-71.0819996
8615411,Prospect Street,2,3,secondary,,0.0903083485103,0.541850091062,42.3655783,-71.1040128,42.366201,-71.103308
8615413,Douglass Street,2,1,residential,yes,0.112039642257,0.112039642257,42.363889,-71.101188,42.364674,-71.100334
8615419,Albany Street,2,3,secondary,,0.405177977515,2.43106786509,42.3608275,-71.0960005,42.3628555,-71.0920012
8615421,Rogers Street,2,1,residential,yes,0.191185434598,0.191185434598,42.366093,-71.079712,42.3663837,-71.0819996
8614910,Memorial Drive,4,4,trunk,,0.690480244461,5.52384195569,42.3535105,-71.1084455,42.3547978,-71.1004044
8614911,Dorothy Doyle Way,2,1,residential,,0.0758784386547,0.151756877309,42.367533,-71.105819,42.367096,-71.105111
8615945,Windsor Street,2,2,tertiary,yes,0.460029023738,0.920058047476,42.372754,-71.093279,42.368766,-71.094785
8615957,Franklin Street,2,1,residential,yes,1.11665199039,1.11665199039,42.368564,-71.1135081,42.362863,-71.102432
8615959,Main Street,2,3,secondary,yes,0.24858844093,0.745765322789,42.3621281,-71.083086,42.3617983,-71.0801258
8615965,Webster Avenue,2,1,residential,,0.458413094649,0.916826189298,42.366776,-71.09237,42.370781,-71.093386
8615972,Sixth Street,2,2,tertiary,,0.463625333217,1.85450133287,42.3682483,-71.0855851,42.37236,-71.08462
8615973,,,1,service,,0.0613228837235,0.122645767447,42.356598,-71.105758,42.356252,-71.105178
8615976,,,1,service,,0.054554101519,0.109108203038,42.3653212,-71.0845714,42.365408,-71.0852232
8615977,Rogers Street,2,1,residential,,0.505993482736,1.01198696547,42.3671342,-71.0880348,42.3663837,-71.0819996
8615988,,,1,service,,0.094863580415,0.18972716083,42.3607724,-71.0937342,42.3599938,-71.0932611
8615995,,,1,unclassified,,0.130844799252,0.261689598504,42.3649772,-71.0861393,42.3643983,-71.0847663
8616012,Windsor Street,2,2,tertiary,,0.638952633961,2.55581053584,42.3632016,-71.0967089,42.368766,-71.094785
8616014,,,1,service,,0.0442360542363,0.0884721084726,42.36027,-71.0924089,42.3606309,-71.0926359
8616015,,1,4,trunk_link,yes,0.198585063016,0.794340252065,42.3581119,-71.0905168,42.3574754,-71.0927331
8616017,,,4,trunk_link,yes,0.0416530310196,0.166612124078,42.3600046,-71.0839234,42.3603265,-71.0838908
8616018,,1,4,trunk_link,yes,0.199164074907,0.796656299627,42.356397,-71.09472,42.3569865,-71.0924934
8616022,Ames Street,2,2,tertiary,no,0.0916305975579,0.366522390232,42.3599802,-71.0876282,42.359239,-71.0871446
8616026,,,1,service,,0.0596049418968,0.119209883794,42.359318,-71.104651,42.359734,-71.104194
8616027,Saint Paul Street,2,1,residential,,0.140537812558,0.281075625115,42.3673677,-71.1024004,42.3681158,-71.103238
8616030,Putnam Court,2,1,residential,,0.034436732471,0.0688734649419,42.3568183,-71.107726,42.3570554,-71.1074567
8616031,Norfolk Court,1,1,residential,,0.0781372756765,0.156274551353,42.36819,-71.099239,42.36789,-71.098381
8616033,Putnam Avenue,2,3,secondary,,0.758231129011,4.54938677407,42.3601424,-71.1127706,42.3559462,-71.1055132
8616034,Kelly Road,1,1,residential,no,0.0895529579088,0.179105915818,42.363275,-71.110533,42.3627203,-71.109745
8616038,,,1,service,,0.151619630428,0.303239260855,42.358959,-71.105827,42.360011,-71.104674
8616045,,,1,service,,0.10385004883,0.207700097659,42.3594584,-71.1052533,42.358868,-71.104276
8616048,,,1,service,,0.0722995457972,0.144599091594,42.358663,-71.105338,42.359169,-71.104786
8616056,Land Boulevard,2,4,trunk,yes,0.0502443544091,0.200977417636,42.3678451,-71.0744722,42.3682117,-71.0741149
8616058,Henry Street,2,1,residential,,0.135491511237,0.270983022474,42.3558945,-71.1095733,42.355219,-71.108222
8616073,Upton Street,1,1,residential,,0.165201932025,0.33040386405,42.3632142,-71.1091503,42.362279,-71.107591
8616080,Sidney Street,2,3,secondary,yes,0.0463098103496,0.138929431049,42.355219,-71.108222,42.354816,-71.1083571
8616082,Rogers Street,1,1,residential,,0.247117635317,0.494235270633,42.366093,-71.079712,42.3657215,-71.0767542
8616089,Bent Street,2,1,residential,,0.138929966616,0.277859933232,42.3667681,-71.0795412,42.3665632,-71.0778774
8616091,Amherst Street,2,1,residential,yes,0.161694751251,0.161694751251,42.3572124,-71.0950735,42.35663,-71.0968722
8616104,William Street,1,1,residential,yes,0.283107102357,0.283107102357,42.364305,-71.107456,42.362695,-71.104792
8616106,,1,4,trunk_link,yes,0.0424646735378,0.169858694151,42.3612941,-71.0790973,42.3610927,-71.078795
8616110,,2,4,trunk_link,yes,0.0774027276219,0.309610910487,42.3615995,-71.0789492,42.3614554,-71.0797147
8615601,Amherst Street,,1,residential,yes,0.2044963435,0.2044963435,42.35663,-71.0968722,42.3559603,-71.0991557
8616115,Athenaeum Street,2,1,residential,,0.134916146204,0.269832292408,42.364081,-71.080164,42.3638598,-71.0785536
8615608,Village Street,1,1,service,yes,0.0701061166162,0.0701061166162,42.361997,-71.097958,42.3626253,-71.0978775
8616121,Memorial Drive,2,4,trunk,yes,0.213836513299,0.855346053197,42.3572163,-71.0925895,42.3579097,-71.0901747
8616130,Sciarappa Street,2,1,residential,,0.384547111673,0.769094223346,42.3678172,-71.0822834,42.37123,-71.081503
8615620,Dock Street,2,1,residential,,0.0635161756703,0.127032351341,42.3619034,-71.0871549,42.3624726,-71.0870814
8615632,Worcester Street,2,1,residential,yes,0.166456300475,0.166456300475,42.3663766,-71.0982096,42.366972,-71.100064
8616145,Decatur Street,1,1,residential,no,0.157432572227,0.314865144454,42.361483,-71.106109,42.360591,-71.104624
8615635,Binney Street,2,1,residential,,0.258175890852,0.516351781703,42.3677408,-71.0909338,42.3665976,-71.0882196
8615644,Cherry Court,1,1,residential,,0.0313934223387,0.0627868446775,42.3642889,-71.0969768,42.364356,-71.097347
8615647,Crossland Street,1,1,residential,,0.0667042313987,0.133408462797,42.367617,-71.094275,42.367201,-71.093691
8615650,Memorial Drive,2,4,trunk,yes,0.502966238897,2.01186495559,42.3547978,-71.1004044,42.356397,-71.09472
8616167,Henry Street,1,1,residential,yes,0.164905395516,0.164905395516,42.3558945,-71.1095733,42.3568122,-71.1111466
8615656,Binney Street,,1,residential,yes,0.0373626524449,0.0373626524449,42.3664324,-71.0878245,42.3665976,-71.0882196
8615659,Cross Street,2,1,service,no,0.162020176864,0.324040353728,42.3611841,-71.0988224,42.3602606,-71.0973002
8615665,Boardman Street,2,1,residential,,0.0972292420997,0.194458484199,42.366696,-71.096912,42.367495,-71.09643
8615674,Hancock Street,2,1,residential,yes,0.398253971171,0.398253971171,42.36838,-71.108778,42.371315,-71.106062
8616187,Washington Street,2,1,residential,yes,0.278425899325,0.278425899325,42.3648547,-71.0962494,42.3638794,-71.0931657
8615685,First Street,2,2,tertiary,yes,0.148065100904,0.296130201808,42.3645458,-71.0783537,42.363233,-71.078653
8615687,,3,4,trunk_link,yes,0.377256661695,1.50902664678,42.3600867,-71.0836352,42.3617704,-71.0797875
8637704,Trinity Place,2,1,residential,yes,0.118814854706,0.118814854706,42.3485962,-71.0754009,42.349599,-71.0759026
8615691,Audrey Street,2,1,residential,,0.198973493388,0.397946986776,42.3537574,-71.103619,42.3554427,-71.1044373
8615696,Erie Street,2,3,secondary,no,0.136495883492,0.818975300955,42.359151,-71.106153,42.358379,-71.104864
8616209,Pilgrim Street,1,1,service,no,0.105765673781,0.211531347562,42.3608627,-71.1018851,42.3602342,-71.1009438
8615699,Land Boulevard,2,4,trunk,yes,0.737232440163,2.94892976065,42.368291,-71.0742502,42.3626631,-71.0787877
8615700,Carleton Street,2,1,residential,no,0.156424087505,0.31284817501,42.3604217,-71.0863974,42.3618236,-71.0862179
8616238,Broad Canal Street,,1,residential,,0.228107188313,0.456214376627,42.3633512,-71.0837926,42.3621318,-71.08213
8615702,,1,4,trunk_link,yes,0.048257361776,0.193029447104,42.3617983,-71.0801258,42.3614523,-71.0802386
8637722,David G. Mugar Way,2,3,secondary,yes,0.0932424965158,0.279727489547,42.3553882,-71.0727084,42.3560597,-71.0730798
8616239,Vail Court,1,1,residential,,0.0859112540058,0.171822508012,42.3668414,-71.1039829,42.3674542,-71.1033466
8615712,Fifth Street,2,1,residential,,0.103765642795,0.20753128559,42.3643983,-71.0847663,42.3653212,-71.0845714
8616240,,,1,service,,0.153131351204,0.306262702408,42.3628084,-71.0913412,42.3641331,-71.0914314
8616228,Sidney Place,,1,residential,yes,0.0758922090739,0.0758922090739,42.362664,-71.100651,42.3621333,-71.1012312
8615717,Franklin Street,2,1,residential,yes,0.174645486565,0.174645486565,42.362863,-71.102432,42.3618718,-71.1007865
8616230,,,1,service,,0.196725637318,0.393451274635,42.361307,-71.0949227,42.3630536,-71.094713
8616232,,,1,service,,0.110047862489,0.220095724979,42.3610876,-71.0815924,42.361646,-71.0819399
8616156,Soden Street,1,1,residential,,0.156612228639,0.313224457278,42.3649819,-71.1081295,42.366385,-71.108316
8615726,State Street,2,1,residential,yes,0.307194894715,0.307194894715,42.362651,-71.099051,42.3624257,-71.0953482
8615727,Norfolk Terrace,1,1,residential,,0.0378453416575,0.0756906833151,42.366617,-71.100826,42.366499,-71.100395
8615728,Grove Avenue,2,1,service,,0.103348876538,0.206697753077,42.3562821,-71.1061017,42.357005,-71.105312
8615730,Waverly Street,2,3,secondary,,0.230046286182,1.38027771709,42.3551346,-71.1102636,42.3547483,-71.1075347
8615732,Bristol Street,2,1,residential,,0.188449503653,0.376899007307,42.367327,-71.094676,42.368312,-71.092866
8615733,Sidney Street,2,3,secondary,yes,0.646070109221,1.93821032766,42.36035,-71.102478,42.3558964,-71.1075154
8616246,Erie Street,2,3,secondary,,0.133328963167,0.799973779004,42.358379,-71.104864,42.3575919,-71.1036815
8615735,Eaton Street,2,1,residential,,0.0698312507341,0.139662501468,42.3644572,-71.0973138,42.3646402,-71.0981248
8616244,Erie Street,2,1,residential,yes,0.310463142552,0.310463142552,42.360906,-71.109086,42.359151,-71.106153
8616254,Elm Street,2,1,residential,yes,0.274686131997,0.274686131997,42.370475,-71.096875,42.368201,-71.098185
8615744,Westacott Court,,1,residential,,0.0905181742252,0.18103634845,42.3578293,-71.1088126,42.3577133,-71.1086095
8615750,Chalk Street,1,1,residential,yes,0.171474971818,0.171474971818,42.362231,-71.1103161,42.361241,-71.108719
8615752,Allston Street,2,1,residential,yes,0.542058691018,0.542058691018,42.360296,-71.111219,42.357368,-71.105958
8615753,,,1,service,,0.0436797192428,0.0873594384855,42.3547966,-71.1050722,42.3551458,-71.1050417
8636729,Storrow Drive,2,4,trunk,yes,1.38069868127,5.52279472508,42.3518165,-71.110614,42.3507657,-71.0939913
8615769,Bristol Street,2,1,residential,yes,0.171461594138,0.171461594138,42.368312,-71.092866,42.3677408,-71.0909338
8637791,Public Alley 419,1,1,service,,0.18691563401,0.37383126802,42.3532505,-71.0788875,42.3538006,-71.0767435
8615783,Lamson Place,1,1,residential,,0.0451174025107,0.0902348050213,42.367251,-71.101304,42.367071,-71.100813
8615786,Acorn Street,2,1,residential,,0.104671130425,0.209342260851,42.35708,-71.109583,42.3578293,-71.1088126
8615797,Smart Street,1,1,residential,,0.151032442333,0.302064884665,42.3611444,-71.0965479,42.3624981,-71.0963763
8615799,Berkshire Street,2,1,residential,yes,0.427487299702,0.427487299702,42.36875,-71.091772,42.372289,-71.089733
8615800,Prospect Street,2,3,secondary,,0.442594593077,2.65556755846,42.366201,-71.103308,42.369698,-71.100744
8615804,Western Avenue,4,3,secondary,yes,0.254779583087,0.76433874926,42.3655783,-71.1040128,42.3650816,-71.1069624
8615816,Massachusetts Avenue,4,3,primary,,0.851853158293,5.11111894976,42.362982,-71.099593,42.3574754,-71.0927331
8615818,Massachusetts Avenue,4,3,primary,,0.147731375907,0.886388255443,42.3655783,-71.1040128,42.366413,-71.105409
8615823,,,4,trunk_link,yes,0.0438315430643,0.175326172257,42.3614554,-71.0797147,42.3614523,-71.0802386
8615827,Essex Street,2,1,residential,yes,0.265991136633,0.265991136633,42.365852,-71.102318,42.367969,-71.10081
8615828,,,1,unclassified,,0.141287302691,0.282574605383,42.3630764,-71.085117,42.3641918,-71.0842952
8615836,,,1,residential,,0.0796442305916,0.159288461183,42.3589554,-71.1001448,42.358536,-71.0993607
8615838,Cottage Street,1,1,residential,yes,0.316953600276,0.316953600276,42.362227,-71.105308,42.3640258,-71.1082947
8615841,Washington Street,2,1,residential,yes,0.392248253082,0.392248253082,42.3648547,-71.0962494,42.366036,-71.100725
8615845,,,1,service,,0.125002536066,0.250005072132,42.3642557,-71.0929391,42.3641331,-71.0914314
8615848,,,1,service,,0.130651084263,0.261302168525,42.3632461,-71.0808647,42.364081,-71.080164
8615853,Pleasant Street,1,3,secondary,yes,0.195589230816,0.586767692448,42.366413,-71.105409,42.3650816,-71.1069624
8615860,,,1,service,,0.146986593148,0.293973186297,42.3641331,-71.0914314,42.3654261,-71.0911484
8615862,Land Boulevard,2,4,trunk,yes,0.16868530109,0.674741204358,42.3600867,-71.0836352,42.3606546,-71.0817384
8615880,Henry Street,2,1,residential,,0.117056533326,0.234113066653,42.355219,-71.108222,42.3549468,-71.1068765
8615882,Museum Way,,1,residential,,0.0186193919922,0.0372387839844,42.3687036,-71.072425,42.3688437,-71.0723009
8615883,Watson Street,2,1,residential,yes,0.151618059967,0.151618059967,42.362496,-71.105002,42.361634,-71.103575
8615884,Valentine Street,1,1,residential,no,0.159833515637,0.319667031274,42.360859,-71.106811,42.35998,-71.105278
8615889,Linskey Way,2,1,residential,,0.2307851643,0.461570328601,42.3650925,-71.0827668,42.3647409,-71.0800058
8615898,Essex Street,2,2,tertiary,yes,0.112163304816,0.224326609632,42.365071,-71.10318,42.365852,-71.102318
8615899,Clinton Street,2,1,residential,yes,0.278507496767,0.278507496767,42.369453,-71.105024,42.367427,-71.107015
8615906,,2,4,trunk_link,yes,0.0843187155746,0.337274862298,42.3623251,-71.0788743,42.3619454,-71.0797381
8615911,Landsdowne Street,2,2,tertiary,no,0.398915527382,1.59566210953,42.3598989,-71.1016971,42.361748,-71.0975461
8615915,Emily Street,2,1,residential,yes,0.147671344648,0.147671344648,42.359393,-71.103613,42.360204,-71.105033
8615918,Hastings Square,2,1,residential,,0.102568699781,0.205137399563,42.3561359,-71.1099777,42.356868,-71.109219
8650752,Public Alley 441,1,1,service,,0.20087261127,0.401745222541,42.349303,-71.0819841,42.3499122,-71.0796887
8647695,Public Alley 418,1,1,service,,0.189115955428,0.378231910855,42.3526617,-71.0810412,42.3532505,-71.0788875
8646160,Clarendon Street,2,3,secondary,yes,0.517732585635,1.55319775691,42.3542385,-71.0769585,42.349859,-71.0748082
24054355,Main Street,2,3,secondary,,0.0352580179502,0.211548107701,42.363437,-71.09986,42.3634087,-71.0994337
8651798,Marlborough Street,2,1,residential,yes,1.2866233538,1.2866233538,42.350064,-71.0890979,42.3540169,-71.0744199
8647193,Public Alley 426,1,1,service,,0.201083423914,0.402166847828,42.3512631,-71.0829509,42.3518601,-71.0806469
8648218,West Hill Place,2,1,residential,,0.0439515594832,0.0879031189664,42.3602715,-71.0719446,42.360269,-71.0714111
8648736,Fairfield Street,2,1,residential,yes,0.421474831747,0.421474831747,42.3488901,-71.0817804,42.3524534,-71.0835381
8648738,Public Alley 431,1,1,service,,0.132943688447,0.265887376894,42.34915,-71.0858381,42.3495609,-71.0843227
10072614,Green Street,2,1,residential,yes,0.184325391455,0.184325391455,42.362389,-71.1001993,42.3613352,-71.0984709
8646700,Granby Street,2,1,residential,yes,0.0965693990864,0.0965693990864,42.3506128,-71.1034361,42.349754,-71.1036179
8649651,Public Alley 416,1,1,service,yes,0.170980683986,0.170980683986,42.3520493,-71.0833388,42.3515179,-71.0852864
8651316,David G. Mugar Way,,1,residential,,0.0915899248259,0.183179849652,42.3605712,-71.0718364,42.360796,-71.0708835
8640571,Beaver Street,2,1,residential,,0.0604410401426,0.120882080285,42.3555662,-71.0720403,42.3560785,-71.0722875
8651324,Lime Street,2,1,residential,yes,0.112533115754,0.112533115754,42.3573772,-71.070548,42.3570688,-71.0718491
8638014,Chestnut Street,2,1,residential,yes,0.227133263927,0.227133263927,42.3569208,-71.0702838,42.3563574,-71.072934
8648256,,1,4,trunk_link,yes,0.228176797376,0.912707189503,42.3541687,-71.079812,42.3547514,-71.077213
8814147,,1,3,primary_link,yes,0.0508757368114,0.152627210434,42.3502989,-71.1097957,42.3499795,-71.1094155
8651845,Beacon Street,4,3,secondary,yes,0.343402302237,1.03020690671,42.3552903,-71.0730391,42.3542385,-71.0769585
8652368,Otis Place,2,1,residential,,0.0291828369586,0.0583656739171,42.3571548,-71.0718839,42.3570806,-71.0722237
24054354,Sidney Street Extension,2,3,secondary,no,0.0491810494692,0.295086296815,42.3634087,-71.0994337,42.362982,-71.099593
8646227,,1,3,secondary_link,yes,0.0408157854964,0.122447356489,42.3499721,-71.0916179,42.3501722,-71.0919959
8650838,Public Alley 427,1,1,service,,0.17106460801,0.342129216019,42.3507605,-71.0849134,42.3512631,-71.0829509
8646749,Public Alley 423,1,1,service,,0.188105185866,0.376210371732,42.353054,-71.076377,42.3536233,-71.0742268
8649840,Commonwealth Avenue,2,3,primary,yes,1.74656957092,5.23970871277,42.3538458,-71.0716756,42.3491945,-71.0916825
8648817,Public Alley 417,1,1,service,,0.20115546933,0.40231093866,42.3520493,-71.0833388,42.3526617,-71.0810412
13591668,Amherst Street,2,1,residential,,0.0318779956183,0.0637559912366,42.3572124,-71.0950735,42.3574741,-71.0952323
8650360,,2,4,trunk_link,yes,0.276175872974,1.1047034919,42.3519097,-71.0905673,42.35075,-71.0928957
8642170,Public Alley 440,1,1,service,,0.188065767268,0.376131534536,42.3499122,-71.0796887,42.350495,-71.0775457
8648352,Public Alley 908,1,1,service,,0.181133896506,0.362267793012,42.349753,-71.091001,42.350458,-71.0892911
8650367,Raleigh Street,1,1,residential,,0.0741879268461,0.148375853692,42.3493452,-71.0950033,42.3499603,-71.0953173
8865426,Revere Street,2,1,residential,yes,0.474917122073,0.474917122073,42.359448,-71.072118,42.3595779,-71.0663584
8641171,,2,3,secondary_link,yes,0.0309731622069,0.0929194866207,42.3555258,-71.0722113,42.355292,-71.0723847
8650394,Public Alley 435,1,1,service,,0.187521820397,0.375043640794,42.3512803,-71.0779281,42.3518741,-71.0757976
8814750,,,3,primary_link,yes,0.0480421687877,0.144126506363,42.349226,-71.109678,42.3494008,-71.1092573
8643743,,,1,service,,0.428818750886,0.857637501773,42.3515025,-71.1093246,42.3508781,-71.1042759
8647328,Bay State Road,2,2,tertiary,yes,0.619561907337,1.23912381467,42.3499293,-71.0928733,42.3503263,-71.1003651
10070690,Magazine Street,2,1,service,,0.0503323228738,0.100664645748,42.365362,-71.104203,42.3650092,-71.1045754
13588133,Blanche Street,1,1,residential,yes,0.0824255469557,0.0824255469557,42.3620639,-71.0996629,42.362651,-71.099051
13588136,Franklin Street,2,1,residential,yes,0.159823513966,0.159823513966,42.3609839,-71.0992599,42.3618718,-71.1007865
8647351,Pinckney Street,2,1,residential,yes,0.595434355074,0.595434355074,42.3588389,-71.0650816,42.3587696,-71.0723076
8645818,Boylston Street,3,3,secondary,yes,1.24703688389,3.74111065167,42.3478661,-71.0855635,42.3517144,-71.0713457
8650427,,1,4,trunk_link,yes,0.0844595235717,0.337838094287,42.3553439,-71.0759178,42.3555842,-71.0749452
8647356,Beaver Place,2,1,residential,yes,0.140824604328,0.140824604328,42.3560597,-71.0730798,42.3562595,-71.0715216
8648386,,1,4,trunk_link,yes,0.167586950284,0.670347801137,42.3521876,-71.0880878,42.3517934,-71.089948
8650950,Brimmer Street,2,1,residential,yes,0.151573553573,0.151573553573,42.3587713,-71.0717147,42.3574273,-71.0719941
8643784,Embankment Road,3,4,trunk,yes,0.81001435838,3.24005743352,42.3579159,-71.0725493,42.3644693,-71.0698306
8649423,Public Alley 421,1,1,service,,0.206021261254,0.412042522508,42.3543765,-71.0745963,42.3550371,-71.0722597
8652502,Public Alley 434,1,1,service,,0.188368885754,0.376737771507,42.3507093,-71.0800808,42.3512803,-71.0779281
8649944,Hinsdale Mall,2,1,service,,0.0815976113842,0.163195222768,42.348736,-71.103032,42.34946,-71.1028645
8646365,Back Street,1,1,residential,,0.144555928049,0.289111856099,42.3509259,-71.0915006,42.3513374,-71.0898454
8644320,Public Alley 429,1,1,service,,0.217804079258,0.435608158515,42.3497046,-71.0889216,42.3503532,-71.086427
13583073,Auburn Street,1,1,residential,yes,0.0553118404381,0.0553118404381,42.3648758,-71.1071948,42.364557,-71.106679
13583074,Pleasant Street,2,1,residential,no,0.0205234004144,0.0410468008287,42.3648758,-71.1071948,42.3650598,-71.1072174
8647909,Hereford Street,2,3,secondary,yes,0.422752370891,1.26825711267,42.3479506,-71.0852512,42.351528,-71.087002
8650470,Exeter Street,2,1,residential,,0.060727424783,0.121454849566,42.3530642,-71.0812632,42.3535757,-71.0815234
8639214,,4,4,trunk_link,yes,0.198342364884,0.793369459535,42.3553228,-71.0750555,42.3550313,-71.0773189
8642292,Charlesgate East,2,3,secondary,yes,0.235906027568,0.707718082705,42.3488452,-71.0915939,42.3509259,-71.0915006
8651516,Dartmouth Street,2,1,residential,yes,0.0598514192116,0.0598514192116,42.3541695,-71.0793155,42.353659,-71.0790864
8641793,,1,4,trunk_link,yes,0.112237930978,0.448951723914,42.3518165,-71.110614,42.3515025,-71.1093246
8651528,Storrow Drive,3,4,trunk,yes,1.55270592417,6.21082369669,42.3567214,-71.0731966,42.3519097,-71.0905673
8652041,Deerfield Street,2,1,residential,,0.186616965144,0.373233930288,42.3489845,-71.0971769,42.3505891,-71.0977575
8814367,Massachusetts Turnpike,4,4,motorway,yes,0.30741955932,1.22967823728,42.3490417,-71.1066912,42.3502032,-71.1100506
8814884,Saint Mary's Street,2,2,tertiary,yes,0.0537248091659,0.107449618332,42.3499108,-71.1065953,42.3494336,-71.1067015
8640809,Public Alley 433,1,1,service,,0.200952091152,0.401904182304,42.3501029,-71.0823786,42.3507093,-71.0800808
8638253,,,1,service,,0.253051689651,0.506103379303,42.349896,-71.100454,42.3496058,-71.0974122
8647472,Public Alley 415,1,1,service,yes,0.132490755992,0.132490755992,42.3515179,-71.0852864,42.3511204,-71.0868025
8647989,Public Alley 438,1,1,service,,0.207994891144,0.415989782289,42.3516583,-71.0732629,42.3523132,-71.0708979
8646455,Charles River Square,2,1,residential,,0.0659075016136,0.131815003227,42.359717,-71.07207,42.359721,-71.07127
8650558,Massachusetts Turnpike,4,4,motorway,yes,0.263734901735,1.05493960694,42.3502032,-71.1100506,42.3515649,-71.1126662
8648004,Newbury Street,1,2,tertiary,yes,1.49434610016,2.98869220031,42.3526731,-71.0710786,42.3480939,-71.0881317
8641867,Dartmouth Street,2,2,tertiary,yes,0.42154576744,0.84309153488,42.3500897,-71.0773484,42.353659,-71.0790864
8651597,Silber Way,2,2,tertiary,,0.106051068548,0.424204274192,42.3503263,-71.1003651,42.349384,-71.1005718
8651096,,1,4,trunk_link,yes,0.0580226590972,0.232090636389,42.3598294,-71.0720531,42.3603442,-71.0719377
8637792,,,1,residential,,0.01744606552,0.0348921310401,42.3557817,-71.0728415,42.3559312,-71.0729064
8646498,Silber Way,2,1,residential,,0.0498450530305,0.099690106061,42.3507698,-71.100273,42.3503263,-71.1003651
8646715,Public Alley 439,1,1,service,,0.187755246945,0.375510493891,42.350495,-71.0775457,42.3510768,-71.0754062
8646508,Public Alley 420,1,1,service,,0.188118481354,0.376236962708,42.3538006,-71.0767435,42.3543765,-71.0745963
8648572,Commonwealth Avenue,3,3,primary,yes,0.158849180623,0.476547541869,42.3503566,-71.1086114,42.3505735,-71.110517
8641409,Embankment Road,3,4,trunk,yes,0.897888342192,3.59155336877,42.3639538,-71.0702482,42.3567214,-71.0731966
8649603,Public Alley 425,1,1,service,,0.188845076387,0.377690152774,42.3518601,-71.0806469,42.3524701,-71.0785075
8651653,Public Alley 422,1,1,service,,0.205984851874,0.411969703748,42.3536233,-71.0742268,42.3542635,-71.0718804
8638355,Public Alley 437,1,1,service,,0.207322633798,0.414645267596,42.3524321,-71.0736425,42.3531015,-71.0712936
8650644,Public Alley 414,1,1,service,yes,0.217848229889,0.217848229889,42.350458,-71.0892911,42.3511204,-71.0868025
8652526,Back Street,1,1,residential,,0.247429230764,0.494858461528,42.3509849,-71.1033572,42.3507755,-71.1003675
8652182,Saint James Avenue,2,3,primary,yes,0.18679204624,0.56037613872,42.349859,-71.0748082,42.3492752,-71.0769224
8648601,,,1,service,,0.0507951540542,0.101590308108,42.3684755,-71.0715777,42.3681883,-71.0719742
8650225,,,1,service,,0.192712314871,0.385424629741,42.3489927,-71.0963341,42.3492677,-71.0952863
8645042,Marlborough Street,2,1,residential,yes,0.212389327077,0.212389327077,42.3497088,-71.0916076,42.350064,-71.0890979
8639923,Mount Vernon Street,2,1,residential,,0.53804558844,1.07609117688,42.357292,-71.072654,42.3583066,-71.0662842
8650680,Public Alley 428,1,1,service,,0.132665267059,0.265330534118,42.3503532,-71.086427,42.3507605,-71.0849134
8637940,University Road,2,3,primary,,0.105295948831,0.631775692985,42.3504789,-71.1096746,42.3514153,-71.1094759
10067899,Memorial Drive,2,4,trunk,yes,0.187606681055,0.750426724218,42.3572749,-71.0926329,42.3566977,-71.0947622
8646589,,3,4,trunk_link,yes,0.107920176193,0.431680704771,42.3567214,-71.0731966,42.3558058,-71.0732902
8648641,Public Alley 424,1,1,service,,0.187134755122,0.374269510243,42.3524701,-71.0785075,42.353054,-71.076377
8646596,Public Alley 432,1,1,service,,0.171125403444,0.342250806888,42.3495609,-71.0843227,42.3501029,-71.0823786
8650694,,1,4,trunk_link,yes,0.13725824059,0.549032962361,42.3553228,-71.0750555,42.3558501,-71.0736329
8647111,Bay State Road,2,1,residential,yes,0.255191466745,0.255191466745,42.3503263,-71.1003651,42.3506128,-71.1034361
8652232,,1,1,residential,yes,0.208472417756,0.208472417756,42.3507555,-71.07282,42.3514111,-71.0704492
8638411,Hereford Street,2,1,residential,,0.0599563623045,0.119912724609,42.351528,-71.087002,42.3520359,-71.0872483
8650703,Clarendon Street,1,3,secondary,yes,0.0607090238455,0.182127071537,42.3547514,-71.077213,42.3542385,-71.0769585
8652246,Public Alley 436,1,1,service,,0.188071187252,0.376142374503,42.3518741,-71.0757976,42.3524321,-71.0736425
8647128,Commonwealth Avenue,2,3,primary_link,yes,0.154767123241,0.464301369722,42.3497273,-71.086934,42.3492595,-71.0887033
8648153,Storrow Drive,2,4,trunk,yes,0.391850545522,1.56740218209,42.3548519,-71.0775733,42.356291,-71.073273
8693748,Sidney Street,2,3,secondary,no,0.376985382736,2.26191229642,42.36035,-71.102478,42.362982,-71.099593
8648678,Gloucester Street,2,1,residential,,0.0606685157856,0.121337031571,42.352441,-71.0857423,42.3519283,-71.0854885
8646908,Beacon Street,4,3,secondary,,0.0293403848139,0.176042308883,42.3553882,-71.0727084,42.3552903,-71.0730391
8648171,Babbitt Street,2,1,service,,0.130111924629,0.260223849258,42.349245,-71.105143,42.3494336,-71.1067015
8647152,Saint James Avenue,2,3,secondary,,0.207640516316,1.2458430979,42.3510683,-71.0702917,42.3504312,-71.0726609
8642545,,2,4,trunk_link,yes,0.0487461329131,0.194984531652,42.3506384,-71.0945483,42.3507373,-71.0939719
8647763,,,1,service,,0.254609552589,0.509219105179,42.3502361,-71.1035099,42.349896,-71.100454
8646132,Massachusetts Turnpike,4,4,motorway,yes,0.348864592471,1.39545836989,42.3502556,-71.1104919,42.3488838,-71.1067217
25603392,Longfellow Bridge,2,4,trunk,yes,0.0454204795698,0.181681918279,42.3617704,-71.0797875,42.3617203,-71.0792403
28585443,,,1,service,,0.0349124690038,0.0698249380076,42.3607932,-71.0853111,42.3605018,-71.0851523
27778682,,1,4,trunk_link,yes,0.18706669131,0.748266765242,42.3573785,-71.0926856,42.3566977,-71.0947622
28631895,Vassar Street,2,3,secondary,,0.493241949051,2.95945169431,42.3601506,-71.0948847,42.3626519,-71.0899474
27778685,Massachusetts Avenue,4,3,primary,,0.00725715135122,0.0435429081073,42.3573785,-71.0926856,42.3573171,-71.0926555
29328400,Harvard Bridge,4,3,primary,,0.61378859666,3.68273157996,42.3569865,-71.0924934,42.3517934,-71.089948
28632018,Binney Street,2,3,secondary,yes,0.799858924475,2.39957677343,42.3663205,-71.0877895,42.3650954,-71.0782211
25482039,,1,4,trunk_link,yes,0.0633768609275,0.25350744371,42.3619187,-71.0793807,42.3621054,-71.0788901
26284986,Memorial Drive,2,4,trunk,yes,0.122965153142,0.49186061257,42.3537758,-71.1098829,42.3535105,-71.1084455
26284987,Memorial Drive,2,4,trunk,yes,0.183711208079,0.734844832315,42.3547189,-71.1117103,42.3537758,-71.1098829
26284989,Memorial Drive,2,4,trunk,yes,0.182721776723,0.730887106894,42.3538318,-71.1098355,42.3547737,-71.1116494
27778622,Massachusetts Avenue,4,3,primary,,0.464656113598,2.78793668159,42.3655783,-71.1040128,42.362982,-71.099593
31090407,,2,1,service,,0.0361503682743,0.0723007365486,42.365293,-71.104352,42.3650327,-71.1046146
43150111,Waverly Street,1,3,secondary,yes,0.470845280876,1.41253584263,42.3547483,-71.1075347,42.3574442,-71.1033979
40017728,Back Street,1,1,residential,yes,0.184896208675,0.184896208675,42.3541695,-71.0793155,42.3547514,-71.077213
32700034,,,1,service,,0.0090436141596,0.0180872283192,42.3651564,-71.1021253,42.3652071,-71.1022112
33228293,,,1,service,,0.0445341072152,0.0890682144304,42.3641766,-71.0998279,42.3640354,-71.100191
43136449,Pilgrim Street,,1,residential,no,0.0679911747122,0.135982349424,42.3617854,-71.1034355,42.3614317,-71.1027716
38096778,,2,1,service,yes,0.0359604738844,0.0359604738844,42.3674899,-71.090109,42.367744,-71.0898883
41946508,,1,3,primary_link,yes,0.131091973532,0.393275920595,42.3504789,-71.1096746,42.3511138,-71.1108376
33795330,Norfolk Street,2,1,residential,yes,0.118090797895,0.118090797895,42.36852,-71.099001,42.367575,-71.099657
43250077,,,1,service,,0.19184132839,0.383682656779,42.3605978,-71.0913977,42.3603942,-71.0920257
42826143,,1,4,trunk_link,yes,0.153260268186,0.613041072746,42.3626145,-71.0715768,42.3615765,-71.0727099
33364640,,,1,service,,0.0290599848532,0.0581199697063,42.3655528,-71.1023845,42.3657586,-71.1021667
43250081,,,1,service,,0.116700352085,0.233400704171,42.3605978,-71.0913977,42.361409,-71.0912709
43100840,,1,3,primary_link,yes,0.0586288873405,0.175886662022,42.3499795,-71.1094155,42.3494548,-71.1093818
43100841,,1,3,primary_link,yes,0.179162925905,0.537488777714,42.3494548,-71.1093818,42.3502273,-71.1109277
43100842,Carlton Street,1,3,primary,yes,0.069922192996,0.209766578988,42.3499414,-71.1093205,42.3504789,-71.1096746
43250219,,,1,service,,0.0682874681927,0.136574936385,42.3599651,-71.0933497,42.3594386,-71.0929463
34037036,Norfolk Street,2,1,residential,yes,0.404527296083,0.404527296083,42.367575,-71.099657,42.3644222,-71.1020837
42550285,,,1,service,,0.0190525247328,0.0381050494656,42.361937,-71.0819619,42.361766,-71.0819799
33228335,,,1,service,,0.0457173248903,0.0914346497807,42.3641251,-71.1003798,42.363886,-71.1007607
43136448,Brookline Place,,1,residential,yes,0.220252310274,0.220252310274,42.3608723,-71.1033742,42.3624221,-71.1017065
39551419,,,1,service,,0.0529665936066,0.105933187213,42.3638654,-71.0965927,42.3641599,-71.0965101
41877950,Storrow Drive,2,4,trunk,yes,1.17019115627,4.68076462509,42.3507149,-71.0966032,42.3519153,-71.1107091
34079168,Land Boulevard,2,4,trunk,yes,0.0547392998961,0.218957199584,42.3682117,-71.0741149,42.368602,-71.0737092
34079169,Edwin H. Land Boulevard,2,4,trunk,yes,0.0761223123243,0.304489249297,42.368602,-71.0737092,42.3691444,-71.0731444
43101897,Front Street,2,1,residential,yes,0.0710687561183,0.0710687561183,42.3618769,-71.0968764,42.361832,-71.0976843
37389388,,,1,service,,0.32990032733,0.659800654659,42.3617964,-71.0914907,42.3611105,-71.0883216
34065677,Main Street,1,3,secondary,yes,0.143831298067,0.4314938942,42.3626217,-71.0881306,42.3627596,-71.0898666
43196114,Allston Street,2,1,residential,no,0.0667710516822,0.133542103364,42.357368,-71.105958,42.357005,-71.105312
33288279,,,1,service,,0.0131479735355,0.026295947071,42.3643965,-71.1035621,42.3642989,-71.1036524
32700006,,,1,service,,0.101480210763,0.202960421526,42.365507,-71.101759,42.3648589,-71.1016346
32700010,,,1,service,,0.0816225918892,0.163245183778,42.3650508,-71.1019512,42.3649477,-71.1017813
36835949,Berkeley Street,4,3,secondary,yes,0.797317175944,2.39195152783,42.3480662,-71.0715008,42.3548114,-71.0748097
33720430,Broadway,2,3,secondary,yes,0.623119036615,1.86935710984,42.3622008,-71.0830826,42.3649006,-71.0896646
43250216,,,1,service,,0.175496279532,0.350992559065,42.3599651,-71.0933497,42.3605978,-71.0913977
34079166,Land Boulevard,2,4,trunk,yes,0.0536314947837,0.214525979135,42.3686708,-71.0738482,42.368291,-71.0742502
42769910,Ames Street,2,2,tertiary,no,0.287085532728,1.14834213091,42.3599802,-71.0876282,42.3624442,-71.088182
33228280,,,1,service,,0.124622165907,0.249244331815,42.3644732,-71.1000051,42.3642968,-71.099704
41743614,Saint Mary's Street,2,2,tertiary,,0.0233370558281,0.0933482233122,42.3499108,-71.1065953,42.3501181,-71.1065493
81161476,West Kendall Street,,1,unclassified,,0.0754834257603,0.150966851521,42.364976,-71.0817556,42.3643083,-71.0819259
73143045,Carlton Street,2,3,primary,yes,0.0602752535033,0.18082576051,42.3494008,-71.1092573,42.3499414,-71.1093205
45303051,,,1,service,,0.059901321328,0.119802642656,42.3630628,-71.0948289,42.3630889,-71.0951561
48917520,,1,4,trunk_link,yes,0.147016575226,0.588066300905,42.3515025,-71.1093246,42.3515097,-71.10757
45302929,,,1,service,,0.0792345761501,0.1584691523,42.3629957,-71.0938536,42.3630307,-71.094424
45303570,,,1,service,,0.063381698051,0.126763396102,42.3631212,-71.0955929,42.3631485,-71.0959717
48917524,Cummington Mall,2,1,service,yes,0.0537610407453,0.0537610407453,42.349245,-71.105143,42.349724,-71.1050496
48917525,Saint Mary's Street,2,2,tertiary,yes,0.0326157750675,0.0652315501351,42.3494336,-71.1067015,42.3491436,-71.1067635
48917529,Back Street,1,1,residential,,0.603738070885,1.20747614177,42.3507698,-71.100273,42.35051,-71.0929903
45469212,,,1,service,,0.0240061079294,0.0480122158588,42.3593645,-71.0946418,42.3594577,-71.0943789
45610783,,,1,service,,0.049790488553,0.0995809771061,42.3660586,-71.1063281,42.3657563,-71.1061556
44815268,,1,4,trunk_link,yes,0.0419936251943,0.167974500777,42.3557895,-71.0965326,42.3560517,-71.096689
84959408,Clark Street,2,1,residential,,0.225588845026,0.451177690053,42.3663006,-71.0945324,42.367706,-71.092672
58336059,,,1,service,,0.155745905634,0.311491811268,42.3635464,-71.0878263,42.3642091,-71.089492
45610314,,,1,service,,0.0442762800476,0.0885525600952,42.3659824,-71.10589,42.3657089,-71.1057398
55727934,,,1,service,,0.0647291556862,0.129458311372,42.3677927,-71.1020968,42.3680666,-71.1027904
44142794,Norfolk Street,2,1,residential,yes,0.303123386919,0.303123386919,42.36852,-71.099001,42.371021,-71.097529
48952395,,1,4,trunk_link,yes,0.0422332429414,0.168932971766,42.3558501,-71.0736329,42.3560949,-71.0732472
48952396,,1,4,trunk_link,yes,0.152000680717,0.60800272287,42.3560949,-71.0732472,42.3573939,-71.0727286
48952397,Embankment Road,2,4,trunk,yes,0.190574750252,0.762299001007,42.356291,-71.073273,42.3579159,-71.0725493
43359950,,,1,service,yes,0.0690271204758,0.0690271204758,42.3606309,-71.0926359,42.3611637,-71.0927647
43359951,,,1,service,yes,0.0583591793136,0.0583591793136,42.3610495,-71.0929964,42.3606309,-71.0926359
43931984,Pilgrim Street,2,1,residential,,0.0592818285982,0.118563657196,42.3611959,-71.102447,42.3608627,-71.1018851
79539236,Pilgrim Street,,1,residential,no,0.0409762289445,0.0819524578891,42.3611959,-71.102447,42.3614317,-71.1027716
44807924,Albany Street,2,3,secondary,,0.717380222571,4.30428133543,42.3574442,-71.1033979,42.3608275,-71.0960005
45469178,,,1,service,yes,0.0722435738842,0.0722435738842,42.3597571,-71.0943013,42.3595532,-71.0940503
45856510,,2,4,trunk_link,yes,0.161258000281,0.645032001126,42.3514916,-71.0925936,42.3503098,-71.0928918
44815359,Massachusetts Avenue,4,3,primary,,0.0195262569106,0.117157541464,42.3569865,-71.0924934,42.3571517,-71.0925744
89785707,Land Boulevard,2,4,trunk,yes,0.181724043448,0.726896173794,42.3612941,-71.0790973,42.3608633,-71.0810877
106989188,,,1,service,,0.0379673472887,0.0759346945773,42.3635899,-71.08908,42.3633273,-71.0889835
89637128,Gloucester Street,2,1,residential,yes,0.421769451146,0.421769451146,42.3519283,-71.0854885,42.3483618,-71.0837322
89637129,Fairfield Street,2,1,residential,,0.0606092358913,0.121218471783,42.3524534,-71.0835381,42.3529668,-71.0837872
84967447,,,1,service,,0.218896628466,0.437793256932,42.3645289,-71.0885469,42.3662506,-71.0872545
98897548,Fort Washington Place,1,1,residential,,0.0773584652054,0.154716930411,42.3563947,-71.1069807,42.3568183,-71.107726
92028174,,2,3,secondary_link,yes,0.0303453652754,0.0910360958263,42.3553882,-71.0727084,42.355292,-71.0723847
84967448,,,1,service,,0.277446591131,0.554893182261,42.3643416,-71.0880978,42.3662243,-71.0861827
86480021,,2,4,trunk_link,yes,0.231714392481,0.926857569925,42.3507373,-71.0939719,42.3494372,-71.0923957
86480022,Storrow Drive,2,4,trunk,yes,0.201295067946,0.805180271782,42.3507657,-71.0939913,42.3511963,-71.0916285
86480023,,2,4,trunk_link,yes,0.116668894013,0.466675576054,42.3496755,-71.0922859,42.3506842,-71.0919483
86480024,Storrow Drive,3,4,trunk,yes,1.0290495692,4.11619827679,42.3511963,-71.0916285,42.3541687,-71.079812
86480025,,2,4,trunk_link,yes,0.156703239677,0.626812958709,42.35075,-71.0928957,42.3494372,-71.0923957
84967451,,,1,service,,0.142819420851,0.285638841701,42.3683641,-71.0891037,42.3671244,-71.0892814
89641249,Arlington Street,3,3,secondary,yes,0.170937666667,0.512813000002,42.355292,-71.0723847,42.3538458,-71.0716756
89641250,Beacon Street,4,3,secondary,yes,0.0437667774136,0.131300332241,42.3555258,-71.0722113,42.3553882,-71.0727084
89641252,Beacon Street,4,3,secondary,yes,0.175994580594,0.527983741782,42.3560067,-71.0701759,42.3555258,-71.0722113
90719013,Broadway,2,3,secondary,,0.221684551909,1.33010731146,42.3649006,-71.0896646,42.3657874,-71.0920748
90758564,Binney Street,2,3,secondary,yes,0.086233134824,0.258699404472,42.3649734,-71.0772127,42.3651968,-71.0781974
93120172,,2,4,trunk_link,yes,0.120394113283,0.481576453132,42.3496755,-71.0922859,42.3507583,-71.0922635
86481581,,1,4,trunk_link,yes,0.157189531676,0.628758126706,42.3501722,-71.0919959,42.3514058,-71.0924671
93120175,Bowker Overpass,2,4,trunk,yes,0.223339931378,0.893359725511,42.3494372,-71.0923957,42.3474266,-71.0923895
106989192,,,1,service,,0.0597613106827,0.119522621365,42.3635159,-71.0889654,42.3639819,-71.0889003
86479794,,2,4,trunk_link,yes,0.225106194974,0.900424779895,42.3505608,-71.0956437,42.35051,-71.0929903
86479795,Commonwealth Avenue,2,3,primary,yes,1.75335600102,5.26006800306,42.3488509,-71.0917068,42.3534935,-71.0714904
89636663,Massachusetts Avenue,4,3,primary,,0.0306818544801,0.18409112688,42.3513998,-71.0897551,42.3516594,-71.0898823
100740027,,,1,service,,0.107240332767,0.214480665533,42.368945,-71.0727486,42.3686849,-71.0736249
89784394,Land Boulevard,2,4,trunk,yes,0.0926110566756,0.370444226702,42.3621054,-71.0788901,42.3612941,-71.0790973
89783819,First Street,2,2,tertiary,yes,0.0620192444536,0.124038488907,42.3650954,-71.0782211,42.3645458,-71.0783537
91996567,Longfellow Bridge,2,4,trunk,yes,0.0719418817623,0.287767527049,42.3611597,-71.071987,42.3610374,-71.0711339
89641548,,1,4,trunk_link,yes,0.145383509158,0.581534036631,42.3555842,-71.0749452,42.3558058,-71.0732902
86480330,,2,4,trunk_link,yes,0.221892114573,0.887568458293,42.3511121,-71.0940199,42.3507149,-71.0966032
86480331,Storrow Drive,1,4,trunk,yes,0.529574960451,2.11829984181,42.3519097,-71.0905673,42.3507149,-71.0966032
86480332,,2,4,trunk_link,yes,0.132247156962,0.52898862785,42.351332,-71.09253,42.3511121,-71.0940199
86480333,,2,4,trunk_link,yes,0.148490703654,0.593962814614,42.3506842,-71.0919483,42.3512961,-71.090401
86480334,,2,4,trunk_link,yes,0.0607918809427,0.243167523771,42.3514058,-71.0924671,42.3514051,-71.0931982
89785712,Land Boulevard,2,4,trunk,yes,0.0521782223292,0.208712889317,42.3608659,-71.0819769,42.3607614,-71.0825914
89784395,Land Boulevard,2,4,trunk,yes,0.0382169086774,0.15286763471,42.3626631,-71.0787877,42.3623251,-71.0788743
86479062,Bowker Overpass,2,4,trunk,yes,0.250246914134,1.00098765653,42.3474227,-71.0922666,42.3496755,-71.0922859
89785708,Land Boulevard,2,4,trunk,yes,0.0430392940454,0.172157176182,42.3615428,-71.07853,42.3619271,-71.0784634
117737178,Public Alley 905,1,1,service,,0.0826558002207,0.165311600441,42.349572,-71.0899003,42.3497046,-71.0889216
86792411,Massachusetts Avenue,4,3,primary,,0.0195498569798,0.117299141879,42.3573171,-71.0926555,42.3571517,-71.0925744
115591269,River Street,2,3,secondary,yes,0.029631050605,0.088893151815,42.365362,-71.104203,42.3655783,-71.1040128
90709600,Deacon Street,2,1,residential,,0.0776970647545,0.155394129509,42.3619034,-71.0871549,42.3618236,-71.0862179
91996568,Cambridge Street,2,3,primary,yes,0.0687954645908,0.206386393772,42.3613421,-71.0719915,42.3613773,-71.0711597
90759012,Binney Street,2,1,residential,yes,0.0263875679454,0.0263875679454,42.3665976,-71.0882196,42.3663983,-71.0883605
105958885,Raleigh Street,2,1,residential,yes,0.0498727700738,0.0498727700738,42.3499603,-71.0953173,42.3504067,-71.0952525
89785703,Land Boulevard,2,4,trunk,yes,0.310985220879,1.24394088352,42.3606546,-71.0817384,42.3615428,-71.07853
89785705,,1,4,trunk_link,yes,0.208626848428,0.834507393711,42.3614523,-71.0802386,42.3607614,-71.0825914
89637355,,2,4,trunk_link,yes,0.0701726891766,0.280690756706,42.357292,-71.072654,42.3579159,-71.0725493
89637356,Berkeley Street,1,3,secondary,yes,0.0603081694578,0.180924508374,42.3548114,-71.0748097,42.3553228,-71.0750555
89785709,Land Boulevard,2,4,trunk,yes,0.0198907303914,0.0795629215656,42.3608633,-71.0810877,42.3608669,-71.0813291
89785711,Land Boulevard,2,4,trunk,yes,0.0533665313026,0.21346612521,42.3608669,-71.0813291,42.3608659,-71.0819769
89784396,Land Boulevard,2,4,trunk,yes,0.0787808101882,0.315123240753,42.3619271,-71.0784634,42.3626289,-71.078329
89639665,Dartmouth Street,4,3,secondary,yes,0.173163214816,0.519489644449,42.3486323,-71.0766032,42.3500897,-71.0773484
90758903,Galileo Galilei Way,2,3,secondary,yes,0.487595386133,1.4627861584,42.3664324,-71.0878245,42.3627682,-71.0899721
86480892,,2,4,trunk_link,yes,0.0718740158752,0.287496063501,42.3507583,-71.0922635,42.351332,-71.09253
86480893,Beacon Street,4,3,secondary,yes,1.34239385947,4.02718157842,42.3542385,-71.0769585,42.3500969,-71.0922643
89742591,Massachusetts Avenue,4,3,primary,,0.015838499792,0.0950309987517,42.3516594,-71.0898823,42.3517934,-71.089948
139154957,Edwin H. Land Boulevard,2,4,trunk,yes,0.0894555572037,0.357822228815,42.369285,-71.0731459,42.3686708,-71.0738482
141451501,,,1,service,,0.0804920754655,0.160984150931,42.3648273,-71.086313,42.3649838,-71.0855521
148771992,,,1,service,yes,0.0251921501495,0.0251921501495,42.3509304,-71.0784695,42.3507174,-71.0783645
148771993,,,1,service,yes,0.0251656091686,0.0251656091686,42.3507352,-71.0783003,42.3509477,-71.0784062
148771994,,,1,service,,0.0318278761657,0.0636557523314,42.3510296,-71.0781071,42.3509304,-71.0784695
138789021,Memorial Drive,2,4,trunk,yes,0.198135548743,0.792542194974,42.356397,-71.09472,42.3572163,-71.0925895
138789027,Memorial Drive,2,4,trunk,yes,0.11744223824,0.469768952958,42.3607614,-71.0825914,42.3603265,-71.0838908
138789031,Memorial Drive,2,4,trunk,yes,0.198224262633,0.792897050533,42.3581119,-71.0905168,42.3572749,-71.0926329
138789034,Memorial Drive,2,4,trunk,yes,0.565136795739,2.26054718296,42.3579097,-71.0901747,42.3600046,-71.0839234
141434930,Athenaeum Street,2,1,unclassified,no,0.247504449316,0.495008898631,42.364081,-71.080164,42.3644637,-71.0831239
138749236,Binney Street,2,3,secondary,yes,0.0808814579601,0.24264437388,42.3650954,-71.0782211,42.3648867,-71.0772962
141434934,Kendall Street,,1,unclassified,-1,0.201251484638,0.402502969275,42.3642844,-71.0817413,42.3639496,-71.0834159
138749239,Binney Street,2,3,secondary,yes,0.804822255265,2.41446676579,42.3651968,-71.0781974,42.3664324,-71.0878245
141434939,,,1,service,,0.0941425534013,0.188285106803,42.3636781,-71.0819014,42.3638584,-71.08117
138749249,First Street,2,2,tertiary,,0.624709853445,2.49883941378,42.3650954,-71.0782211,42.3706364,-71.0769234
141451461,,,1,service,,0.0587488286676,0.117497657335,42.3655867,-71.0859595,42.3654938,-71.0852574
141451489,,,1,service,,0.0556156649412,0.111231329882,42.3635696,-71.0847331,42.3633198,-71.084148
141451465,,,1,service,,0.0589492189745,0.117898437949,42.3657464,-71.0859235,42.3656553,-71.0852185
141451466,,,1,service,,0.00889293782149,0.017785875643,42.3660769,-71.0850436,42.3661558,-71.0850253
141451468,,,1,service,,0.0249062547104,0.0498125094208,42.3658042,-71.0851942,42.3658025,-71.0849042
141451470,,,1,service,,0.00432917809711,0.00865835619422,42.365408,-71.0852232,42.365415,-71.0852749
141451471,,,1,service,,0.00435018485931,0.00870036971863,42.3649959,-71.0861857,42.3649772,-71.0861393
132601296,,1,4,trunk_link,yes,0.0378529816035,0.151411926414,42.359239,-71.0871446,42.359036,-71.0868172
141451473,,,1,service,,0.0776690209086,0.155338041817,42.3635998,-71.0860339,42.36377,-71.0864454
138749269,Main Street,2,3,secondary,,0.768382240927,4.61029344556,42.3634087,-71.0994337,42.3627354,-71.0901538
141451478,,,1,service,,0.0185484392111,0.0370968784221,42.3652858,-71.084273,42.3654505,-71.0842359
141451479,,,1,service,,0.0556701165282,0.111340233056,42.3649029,-71.0854817,42.3646605,-71.0848902
141451480,,,1,service,,0.0559650979763,0.111930195953,42.3634191,-71.0848512,42.3631718,-71.0842593
141451482,,,1,service,,0.0411257967567,0.0822515935135,42.3654658,-71.0843544,42.3654025,-71.0838625
141451483,,,1,service,,0.020040060048,0.040080120096,42.3647624,-71.0851388,42.3646039,-71.085255
141451484,,,1,service,,0.0563135634189,0.112627126838,42.3632749,-71.0849643,42.3630249,-71.0843696
141451486,,,1,service,,0.0336830461457,0.0673660922913,42.3645996,-71.0852445,42.3643336,-71.0854408
141451472,,,1,service,,0.0547533861285,0.109506772257,42.3653842,-71.0860053,42.3653008,-71.0853502
141451490,,,1,service,,0.258952808179,0.517905616358,42.3654503,-71.0852679,42.3654503,-71.0852679
141451491,,,1,service,,0.0927138726613,0.185427745323,42.3652032,-71.0848336,42.3652307,-71.0850775
141451494,,,1,service,,0.0645362490066,0.129072498013,42.3634962,-71.0861087,42.3636706,-71.0865208
141451497,,,1,service,,0.0176143573329,0.0352287146659,42.3652307,-71.0850775,42.3653769,-71.0849968
123683562,,,1,service,,0.0614640066176,0.122928013235,42.364722,-71.0956283,42.3646227,-71.0951636
123683563,,,1,service,,0.0738032953131,0.147606590626,42.3645899,-71.0950103,42.3644148,-71.0943811
123683564,,,1,service,,0.0607746187867,0.121549237573,42.3642595,-71.0940285,42.3640868,-71.0936365
138788973,Land Boulevard,2,4,trunk,yes,0.638639335338,2.55455734135,42.3630053,-71.0783341,42.3678451,-71.0744722
138749294,Western Avenue,4,3,secondary,yes,0.769045027447,2.30713508234,42.3650816,-71.1069624,42.3642897,-71.1162369
133340784,Back Street,1,1,residential,,0.00781192574277,0.0156238514855,42.3507755,-71.1003675,42.3507698,-71.100273
138788977,Memorial Drive,2,4,trunk,yes,0.510516535878,2.04206614351,42.3566977,-71.0947622,42.3547978,-71.1004044
138788989,Memorial Drive,2,4,trunk,yes,0.0254337527387,0.101735010955,42.3600046,-71.0839234,42.3600867,-71.0836352
149924228,Ames Street,1,2,tertiary,yes,0.174693732715,0.349387465429,42.3640564,-71.0874344,42.3626268,-71.0882071
149924229,Ames Street,2,2,tertiary,yes,0.0201687869663,0.0403375739325,42.3624442,-71.088182,42.3626217,-71.0881306
149924230,Main Street,1,3,secondary,yes,0.0144021879931,0.0432065639792,42.3627354,-71.0901538,42.3626872,-71.0899915
149924231,Main Street,,3,secondary,yes,0.266248294913,0.798744884738,42.3623735,-71.084916,42.3626217,-71.0881306
149924232,Memorial Drive,2,4,trunk,yes,0.598740387476,2.3949615499,42.3603265,-71.0838908,42.3581119,-71.0905168
149924233,,,3,secondary_link,yes,0.101361418358,0.304084255075,42.3629639,-71.0851489,42.3623735,-71.084916
158197527,,,1,service,,0.029138667001,0.0582773340021,42.3683071,-71.0861031,42.368049,-71.0861663
158197528,,,1,service,,0.0751427924676,0.150285584935,42.3682756,-71.0858297,42.3676078,-71.0859753
158304542,,,1,service,,0.0176315667326,0.0352631334651,42.365996,-71.0905277,42.3661486,-71.0904688
158371743,,,1,service,,0.139774563689,0.279549127378,42.3579051,-71.1023283,42.3580531,-71.1020018
158371744,,,1,service,,0.045942850183,0.091885700366,42.357564,-71.10301,42.3572042,-71.1027352
158371745,,,1,service,,0.0369047350088,0.0738094700177,42.3578646,-71.1024178,42.3575877,-71.1021704
158302370,,,1,service,,0.0640563218931,0.128112643786,42.3656981,-71.0910559,42.3660003,-71.0904167
158304291,,,1,service,,0.166741389012,0.333482778024,42.3658929,-71.0901454,42.3670945,-71.0892187
158371749,,,1,service,,0.0202377523313,0.0404755046625,42.3575951,-71.1029482,42.3577326,-71.1031062
158371756,,,1,service,,0.044253281842,0.088506563684,42.3574512,-71.103282,42.3570785,-71.1034129
158303665,,,1,service,,0.128251081124,0.256502162249,42.3667122,-71.0820455,42.3667122,-71.0820455
158303666,,,1,service,,0.0177074699271,0.0354149398542,42.3666419,-71.0818527,42.3667122,-71.0820455
160180791,Cottage Court,,1,residential,,0.0418729401764,0.0837458803528,42.3624165,-71.1056221,42.3621164,-71.1059297
158304543,,,1,service,,0.0108696083058,0.0217392166116,42.3658929,-71.0901454,42.3658094,-71.0900766
158459680,Waverly Street,2,3,secondary,,0.0175013098138,0.105007858883,42.3575919,-71.1036815,42.3574348,-71.1036963
158459589,,,1,service,,0.070082737152,0.140165474304,42.3578394,-71.1039389,42.3573744,-71.103941
158304971,Cardinal Medeiros Avenue,2,3,secondary,,0.652852691625,3.91711614975,42.3667036,-71.0915377,42.3721205,-71.0884634
158304546,,,1,service,,0.0258865905262,0.0517731810525,42.3660003,-71.0904167,42.3658929,-71.0901454
158460498,,,1,service,,0.12311113405,0.246222268099,42.3569767,-71.1041537,42.3569767,-71.1041537
158371747,,,1,service,,0.0627709911825,0.125541982365,42.3577326,-71.1031062,42.3577326,-71.1031062
158460500,,,1,service,,0.0160626372954,0.0321252745909,42.357146,-71.1042258,42.3570523,-71.1040773
164024921,Pleasant Street,1,1,residential,yes,0.131588285364,0.131588285364,42.3640258,-71.1082947,42.3648758,-71.1071948
158366443,Erie Street,2,3,secondary,yes,0.0287862096675,0.0863586290024,42.3574442,-71.1033979,42.3575919,-71.1036815
164024575,Kelly Road,1,1,residential,yes,0.167799891384,0.167799891384,42.3627203,-71.109745,42.361766,-71.108166
176740609,,,1,service,,0.0885754284875,0.177150856975,42.3603674,-71.1059483,42.3609917,-71.1052794
188046722,Massachusetts Avenue,4,3,primary,,0.0114529726869,0.0687178361216,42.3574754,-71.0927331,42.3573785,-71.0926856
188046723,Monsignor O'Brien Highway,3,4,trunk,yes,0.388959096372,1.55583638549,42.3691444,-71.0731444,42.3671771,-71.0692381
188046747,,1,4,trunk_link,yes,0.0479137488831,0.191654995532,42.3588638,-71.0873269,42.3591265,-71.0874813
196203206,Commonwealth Avenue,2,3,primary,yes,1.05763811968,3.17291435904,42.3503429,-71.1101053,42.3488142,-71.0974362
180994119,,,1,service,,0.0977256588119,0.195451317624,42.3639351,-71.0912798,42.3638488,-71.0900992
188046759,,1,4,trunk_link,yes,0.215474854057,0.861899416229,42.3571081,-71.092553,42.3579097,-71.0901747
188046764,,1,4,trunk_link,yes,0.0496840919084,0.198736367634,42.3562009,-71.0962578,42.3559161,-71.0961508
165358926,,,1,service,,0.0830354782285,0.166070956457,42.3572343,-71.0729702,42.3567214,-71.0731966
188046721,Longfellow Bridge,1,4,trunk,yes,0.0477212377499,0.190884951,42.3619114,-71.0797823,42.3619052,-71.0792098
201707825,Clarendon Street,2,3,secondary,yes,0.308021536653,0.92406460996,42.349859,-71.0748082,42.347251,-71.0735381
183524213,Marlborough Street,2,1,residential,yes,0.20598590711,0.20598590711,42.3546476,-71.0720688,42.3540169,-71.0744199
200502734,Fulkerson Street,1,2,tertiary,-1,0.385648843596,1.54259537438,42.368497,-71.087711,42.3719131,-71.0868795
172054331,,,1,service,,0.0714554913107,0.142910982621,42.3591786,-71.0927918,42.3585888,-71.0925171
172054332,,,1,service,,0.0315612114482,0.0631224228963,42.3594386,-71.0929463,42.3591786,-71.0927918
185783615,,,1,service,,0.169333388249,0.338666776498,42.3512041,-71.1065865,42.3507482,-71.1080415
230586048,,,1,service,,0.0624225847396,0.124845169479,42.3669328,-71.0811064,42.367225,-71.0815147
220085798,,,1,service,,0.206739264315,0.41347852863,42.3621415,-71.0832944,42.3617638,-71.0832506
220085036,,,1,service,,0.092300093231,0.184600186462,42.3599063,-71.0875811,42.3595688,-71.0886049
236579314,,,1,service,,0.102983288959,0.205966577918,42.3580124,-71.0936196,42.3588567,-71.094136
239457934,Galileo Galilei Way,2,3,secondary,yes,0.473366323938,1.42009897181,42.3627596,-71.0898666,42.3663205,-71.0877895
239457933,Galileo Galilei Way,2,3,secondary,yes,0.00913833564468,0.027415006934,42.3627682,-71.0899721,42.3626872,-71.0899915
239457936,Main Street,1,3,secondary,yes,0.0090332854449,0.0270998563347,42.3626872,-71.0899915,42.3626846,-71.0898819
239457937,Main Street,1,3,secondary,yes,0.00874324983808,0.0262297495142,42.3627596,-71.0898666,42.3627682,-71.0899721
220086450,Amherst Street,2,1,residential,,0.0264707665986,0.0529415331972,42.3609998,-71.0846527,42.3610927,-71.0843568
220086451,Amherst Street,2,1,residential,,0.0037654322636,0.0075308645272,42.3609866,-71.0846948,42.3609998,-71.0846527
239457939,Vassar Street,2,3,secondary,yes,0.00534538751932,0.016036162558,42.3626872,-71.0899915,42.3626519,-71.0899474
239457938,Main Street,1,3,secondary,yes,0.0154052286124,0.0462156858371,42.3627682,-71.0899721,42.3627354,-71.0901538
239457940,Vassar Street,2,3,secondary,yes,0.0065044814291,0.0195134442873,42.3626519,-71.0899474,42.3626846,-71.0898819
231288282,Main Street,2,3,secondary,yes,0.27697627672,0.83092883016,42.3619454,-71.0797381,42.3622008,-71.0830826
239457935,Main Street,1,3,secondary,yes,0.506102567705,1.51830770312,42.3626846,-71.0898819,42.3622689,-71.0837957
244444288,Longfellow Bridge,2,4,trunk,yes,0.600769475834,2.40307790333,42.3617203,-71.0792403,42.3611597,-71.071987
242252161,Granby Street,2,1,residential,,0.0418410140338,0.0836820280676,42.3506128,-71.1034361,42.3509849,-71.1033572
241028354,Beacon Street,4,3,secondary,yes,0.291737190547,0.87521157164,42.3500166,-71.0925507,42.3491073,-71.0958724
241028355,Beacon Street,4,3,secondary,yes,0.0252274750498,0.0756824251495,42.3500969,-71.0922643,42.3500166,-71.0925507
242655751,Wadsworth Street,2,1,residential,,0.131232278445,0.26246455689,42.3610352,-71.0843217,42.362205,-71.0842209
254299016,Back Street,1,1,residential,,0.922850882599,1.8457017652,42.3513374,-71.0898454,42.3541695,-71.0793155
242520458,Storrow Drive,2,4,trunk,yes,0.199701246663,0.798804986651,42.3541687,-71.079812,42.3548519,-71.0775733
262720829,Memorial Drive,2,4,trunk,yes,0.120137330868,0.480549323471,42.3535105,-71.1084455,42.3538318,-71.1098355
244444314,,2,4,trunk_link,yes,0.214168301375,0.856673205498,42.3603442,-71.0719377,42.3609302,-71.0702159
254299041,Amherst Street,2,1,residential,,0.194089641129,0.388179282258,42.3574741,-71.0952323,42.3581911,-71.0930839
242395305,Exeter Street,2,3,secondary,yes,0.632030884093,1.89609265228,42.3530642,-71.0812632,42.3477448,-71.0785707
242631723,Saint James Avenue,2,3,secondary,yes,0.187997263515,0.563991790544,42.3504312,-71.0726609,42.349859,-71.0748082
242998461,Stuart Street,2,3,secondary,yes,0.391179079027,1.17353723708,42.3489523,-71.0743702,42.3501491,-71.0699053
242515006,Charlesgate West,2,3,secondary,yes,0.188186575362,0.564559726085,42.35051,-71.0929903,42.3488325,-71.0928427
242741185,,2,4,trunk_link,yes,0.0072000831443,0.0288003325772,42.361999,-71.079562,42.3619342,-71.0795641
242544970,David G. Mugar Way,2,3,secondary,yes,0.14179718212,0.425391546361,42.3560597,-71.0730798,42.357292,-71.072654
240745677,Commonwealth Avenue,2,3,primary,yes,0.989756475287,2.96926942586,42.348951,-71.0967504,42.3503566,-71.1086114
242514638,,2,4,trunk_link,yes,0.362447933695,1.44979173478,42.3509259,-71.0915006,42.3521207,-71.0874126
244441556,Main Street,2,3,secondary,yes,0.0280408768887,0.084122630666,42.3617983,-71.0801258,42.3617704,-71.0797875
244441557,,2,4,trunk_link,yes,0.0259860721454,0.103944288581,42.3614554,-71.0797147,42.3616656,-71.0798356
242377199,,1,3,primary_link,yes,0.0263172794594,0.0789518383782,42.3516085,-71.1096462,42.3514153,-71.1094759
242377200,,1,3,primary_link,yes,0.0157868595457,0.0473605786371,42.3514153,-71.1094759,42.3515025,-71.1093246
242377201,,,1,service,,0.0705635795596,0.141127159119,42.351563,-71.1102964,42.3514153,-71.1094759
242536052,Brimmer Street,2,1,residential,yes,0.195848673464,0.195848673464,42.3574273,-71.0719941,42.3557386,-71.0713107
242536053,David G. Mugar Way,2,3,secondary,yes,0.0608924685212,0.182677405563,42.3558058,-71.0732902,42.3552903,-71.0730391
242536054,Otis Place,2,1,residential,,0.0316737561425,0.0633475122849,42.3570806,-71.0722237,42.3573536,-71.0723347
262601468,,,1,service,,0.0357905868908,0.0715811737816,42.3547483,-71.1075347,42.3547271,-71.1072131
262601469,,,1,service,,0.145768096847,0.291536193693,42.3545707,-71.1075776,42.3548157,-71.1093146
244444287,Longfellow Bridge,1,4,trunk,yes,0.59792434154,2.39169736616,42.3619052,-71.0792098,42.3613421,-71.0719915
277434242,,,1,service,,0.0484304630916,0.0968609261833,42.3496773,-71.1029865,42.3501076,-71.1028918
277434243,,,1,service,,0.0584378484493,0.116875696899,42.349887,-71.1029403,42.3501483,-71.1033076
277434244,,,1,service,,0.0241223793132,0.0482447586265,42.349911,-71.1031427,42.3501255,-71.103097
277434245,,,1,service,,0.110623187065,0.22124637413,42.3499534,-71.1029257,42.3499312,-71.1027403
286489353,Massachusetts Avenue,4,3,primary,,0.253047558762,1.51828535257,42.3492595,-71.0887033,42.3513998,-71.0897551
263564784,,,1,service,yes,0.226159819186,0.226159819186,42.3560149,-71.1036945,42.3561252,-71.1037939
262724641,Vassar Street,2,3,secondary,,0.33775799411,2.02654796466,42.3534357,-71.1071384,42.3554427,-71.1044373
265455268,Elm Street,2,1,residential,yes,0.112274600165,0.112274600165,42.3672777,-71.0987393,42.368201,-71.098185
263564785,,,1,service,,0.0387538672512,0.0775077345023,42.3568028,-71.1022954,42.3566084,-71.102686
262742077,,,1,service,yes,0.0790450736335,0.0790450736335,42.3541995,-71.1050037,42.3541995,-71.1050037
263564786,,,1,service,yes,0.168178037467,0.168178037467,42.3560149,-71.1036945,42.3561252,-71.1037939
263564787,,,1,service,,0.0339322699613,0.0678645399226,42.3561252,-71.1037939,42.3558711,-71.1035653
268982968,,,1,service,yes,0.0154397166933,0.0154397166933,42.3619124,-71.085037,42.3619254,-71.0852236
268982969,,,1,service,yes,0.149487869491,0.149487869491,42.3618819,-71.0852298,42.3619124,-71.085037
268982970,,,1,service,no,0.0318380725689,0.0636761451378,42.3614903,-71.0847115,42.3614579,-71.0843275
268982971,,,1,service,,0.0912381769607,0.182476353921,42.3614745,-71.0845242,42.3614903,-71.0847115
268982972,,,1,service,no,0.0467172009156,0.0934344018312,42.3619168,-71.0844805,42.3619124,-71.085037
268973757,Spring Street,2,1,residential,-1,0.241899558926,0.483799117852,42.3689544,-71.080298,42.3685733,-71.0774066
262742080,,,1,service,,0.0136741554928,0.0273483109855,42.3543166,-71.1049805,42.3543465,-71.1048195
268998725,,2,1,service,,0.0214338864254,0.0428677728508,42.363594,-71.082798,42.3637754,-71.0827093
282149718,Back Street,1,1,residential,,0.343765326899,0.687530653798,42.3547514,-71.077213,42.3558058,-71.0732902
268985051,,,1,service,,0.00956323960313,0.0191264792063,42.3686831,-71.0782397,42.3687678,-71.0782189
288204892,,,1,service,,0.0326088010456,0.0652176020912,42.3615231,-71.0839681,42.3614579,-71.0843275
268980333,,,1,service,no,0.0294944250962,0.0589888501925,42.3619673,-71.0857173,42.3617029,-71.0857502
268980334,,,1,service,no,0.185700381692,0.371400763384,42.361997,-71.0860365,42.3608495,-71.085771
268980335,,,1,service,no,0.035524535562,0.0710490711241,42.3610615,-71.0861813,42.3610298,-71.0857522
268980336,,,1,service,no,0.094407249179,0.188814498358,42.3608495,-71.085771,42.361695,-71.0856554
268980337,,,1,service,no,0.0249950042736,0.0499900085472,42.3619014,-71.0854359,42.3616775,-71.0854661
268980338,,,1,service,no,0.029459611296,0.0589192225919,42.3617192,-71.0859459,42.3619831,-71.0859104
268980339,,,1,service,-1,0.0171132117596,0.0342264235191,42.3615745,-71.085273,42.3616085,-71.0854752
268980340,,,1,service,-1,0.0172575753999,0.0345151507997,42.3616775,-71.0854661,42.361676,-71.0852589
263564405,Vassar Street,2,3,secondary,,0.944948647787,5.66969188672,42.3554427,-71.1044373,42.3601506,-71.0948847
262771962,,,1,service,,0.122376090449,0.244752180899,42.3539039,-71.1087567,42.3545707,-71.1075776
262771963,,,1,service,,0.177487314846,0.354974629693,42.354851,-71.109469,42.3541372,-71.1084115
262771964,Magazine Street,2,2,tertiary,,1.25333811112,5.01335244448,42.3562777,-71.1142097,42.3650092,-71.1045754
328024584,,,1,service,yes,0.0171943814527,0.0171943814527,42.3508275,-71.1041033,42.3508781,-71.1042759
328056586,,,1,pedestrian,,0.159214607616,0.318429215232,42.3505322,-71.1067776,42.3505322,-71.1067776
327270828,Carlton Street,2,3,primary,yes,0.028877129267,0.086631387801,42.3491492,-71.1091703,42.3494008,-71.1092573
302156851,Ames Street,2,2,tertiary,yes,0.170521844878,0.341043689756,42.3626217,-71.0881306,42.3640135,-71.0873308
302156854,Ames Street,1,2,tertiary,yes,0.0203932363999,0.0407864727998,42.3626268,-71.0882071,42.3624442,-71.088182
302156855,Broadway,2,3,secondary,,0.834008239887,5.00404943932,42.369317,-71.10101,42.3657874,-71.0920748
328025417,,,1,service,yes,0.0246342481459,0.0246342481459,42.35079,-71.1043107,42.3508295,-71.1046049
328025418,,,1,service,,0.024486403716,0.0489728074321,42.3506667,-71.1046398,42.3506273,-71.1043474
328025419,,,1,service,yes,0.0243593910643,0.0243593910643,42.3508436,-71.1042987,42.3506273,-71.1043474
302156878,Linskey Way,2,1,residential,,0.137808233125,0.275616466249,42.3647409,-71.0800058,42.3645458,-71.0783537
325811153,Cummington Mall,2,1,service,yes,0.0227741313883,0.0227741313883,42.349724,-71.1050496,42.349926,-71.1050023
302156887,River Street,2,3,secondary,yes,0.142907765366,0.428723296097,42.3648887,-71.1057996,42.365362,-71.104203
302156889,River Street,2,3,secondary,yes,0.702372770477,2.10711831143,42.3622591,-71.1135493,42.3648887,-71.1057996
328043229,,,1,service,,0.121158667067,0.242317334135,42.3508295,-71.1046049,42.3504826,-71.1055625
328043231,,,1,service,,0.015597362832,0.031194725664,42.3506174,-71.1042777,42.3504787,-71.1043072
328043232,,,1,service,,0.113711075622,0.227422151244,42.3504368,-71.105108,42.3504138,-71.1049006
328043233,,,1,service,yes,0.0248450716132,0.0248450716132,42.3506273,-71.1043474,42.3507862,-71.1042406
328024676,,,1,service,yes,0.0254621243896,0.0254621243896,42.3508781,-71.1042759,42.3508275,-71.1041033
328024677,,,1,service,,0.0615053685437,0.123010737087,42.3508275,-71.1041033,42.3506128,-71.1034361
302156881,Massachusetts Avenue,3,3,primary,,0.137332071983,0.8239924319,42.367211,-71.106682,42.366413,-71.105409
305971439,,,1,service,,0.0586082923682,0.117216584736,42.3644344,-71.0913915,42.3648595,-71.0913401
325811198,Granby Street,2,1,residential,yes,0.0222508592932,0.0222508592932,42.349754,-71.1036179,42.3495564,-71.1036622
